date,restaurant,category,meal,week,menu_clean
05월 26일,상록원3층식당,집밥,중식,월,돈갈비김치찌개 치킨너겟 미나리나물 도시락김 샐러드 
05월 26일,누리터 식당(일산캠퍼스),누리밥상,석식,월,참치주먹밥 꼬치어묵우동 단무지 
05월 26일,누리터 식당(일산캠퍼스),누리밥상,중식,월,콩나물국 돼지간장불고기 상추쌈 쌈장 비엔나메추리알조림  순대국밥 부추무침 깍두기
05월 26일,상록원3층식당,집밥,석식,월,된장찌개 삼겹살오븐구이&부추무침 메추리알어묵조림 아삭이고추된장무침 샐러드 
05월 26일,누리터 식당(일산캠퍼스),,조식뷔페,월,천원의 아침
05월 26일,상록원1층식당(솥앤누들),메뉴,,월,삼겹살김치철판 치즈불닭철판 데리야끼치킨솥밥 숯불삼겹솥밥 우삼겹솥밥 콘치즈솥밥 냉모밀 냉모밀 돈가스 냉모밀 알밥 철판치즈돈가스 낙지삼겹솥밥 삼겹 돼지 오스트리아산 닭  소 미국산 스팸 돼지  외국산 돈가스 돼지  낙지 베트남산 쌀  배추김치 배추 고춧가루 
05월 26일,상록원2층식당,양식코너,중식,월,품절시까지 미소카츠 토마토파스타&마늘빵 까르보나라&마늘빵 치즈오븐파스타
05월 26일,상록원3층식당,한그릇(한정판매),중식,월,게살새우볶음밥&짜장 짬뽕국 수제탕수육 단무지 
05월 26일,상록원2층식당,일품코너,중식,월,품절시까지 삼겹살김치볶음덮밥 요구르트 돼지 오스트리아산 
05월 27일,누리터 식당(일산캠퍼스),누리밥상,석식,화,치즈불닭팬라이스 우동국물 단무지 김치
05월 27일,누리터 식당(일산캠퍼스),누리밥상,중식,화,쫄면사리 순두부찌개 쌀밥 칠리소스떡갈비 도토리묵무침 김치 통등심돈까스 우동국물 양배추샐러드 단무지 김치
05월 27일,누리터 식당(일산캠퍼스),,조식뷔페,화,천원의 아침
05월 27일,상록원1층식당(솥앤누들),메뉴,,화,삼겹살김치철판 치즈불닭철판 데리야끼치킨솥밥 숯불삼겹솥밥 우삼겹솥밥 콘치즈솥밥 냉모밀 냉모밀 돈가스 냉모밀 알밥 철판치즈돈가스 낙지삼겹솥밥 삼겹 돼지 오스트리아산 닭  소 미국산 스팸 돼지  외국산 돈가스 돼지  낙지 베트남산 쌀  배추김치 배추 고춧가루 
05월 27일,상록원2층식당,일품코너,중식,화,품절시까지 새우볶음밥 돈육짜장 군만두 요구르트 돼지 
05월 27일,상록원2층식당,양식코너,중식,화,품절시까지 치즈돈까스 토마토파스타&마늘빵 까르보나라&마늘빵 치즈오븐파스타
05월 27일,상록원3층식당,한그릇(한정판매),중식,화,주꾸미야채비빔밥 치킨까스 
05월 27일,상록원3층식당,집밥,중식,화,쌈밥 삼겹살미나리볶음 감자채볶음 콩나물무침 샐러드 
05월 27일,상록원3층식당,집밥,석식,화,롤치즈돈까스&생선까스 시금치나물 단무지무침 샐러드 
05월 28일,상록원3층식당,집밥,중식,수,차돌육개장 납작떡갈비구이 애호박나물 샐러드 깍두기
05월 28일,상록원3층식당,한그릇(한정판매),중식,수,날치알김치볶음밥 닭다리오븐구이 꽈배기도너츠 
05월 28일,상록원2층식당,일품코너,중식,수,품절시까지 눈꽃치즈제육덮밥 김말이튀김 요구르트 돼지 
05월 28일,누리터 식당(일산캠퍼스),누리밥상,석식,수,콩나물제육비빔밥 들깨미역국 단무지 김치 요구르트
05월 28일,누리터 식당(일산캠퍼스),,조식뷔페,수,천원의 아침
05월 28일,상록원2층식당,양식코너,중식,수,품절시까지 순살등심돈까스 토마토파스타&마늘빵 까르보나라&마늘빵 치즈오븐파스타
05월 28일,누리터 식당(일산캠퍼스),누리밥상,중식,수,베이컨크림스파게티 마늘빵 그린샐러드 단무지 김치 알밥 우동국물 오징어링튀김 단무지 김치
05월 28일,상록원3층식당,집밥,석식,수,장조림버터솥밥 꼬치어묵국 떡볶이 김말이튀김 샐러드 
05월 28일,상록원1층식당(솥앤누들),메뉴,,수,삼겹살김치철판 치즈불닭철판 데리야끼치킨솥밥 숯불삼겹솥밥 우삼겹솥밥 콘치즈솥밥 냉모밀 냉모밀 돈가스 냉모밀 알밥 철판치즈돈가스 낙지삼겹솥밥 삼겹 돼지 오스트리아산 닭  소 미국산 스팸 돼지  외국산 돈가스 돼지  낙지 베트남산 쌀  배추김치 배추 고춧가루 
05월 29일,누리터 식당(일산캠퍼스),,조식뷔페,목,천원의 아침
05월 29일,누리터 식당(일산캠퍼스),누리밥상,중식,목,뚝배기 닭도리탕 어묵야채볶음 오이스틱 쌈장  치즈돈까스 양배추샐러드 단무지 김치
05월 29일,상록원1층식당(솥앤누들),메뉴,,목,삼겹살김치철판 치즈불닭철판 데리야끼치킨솥밥 숯불삼겹솥밥 우삼겹솥밥 콘치즈솥밥 냉모밀 냉모밀 돈가스 냉모밀 알밥 철판치즈돈가스 낙지삼겹솥밥 삼겹 돼지 오스트리아산 닭  소 미국산 스팸 돼지  외국산 돈가스 돼지  낙지 베트남산 쌀  배추김치 배추 고춧가루 
05월 29일,상록원3층식당,집밥,석식,목,오므라이스&그릴소세지 통새우볼튀김 샐러드 
05월 29일,상록원2층식당,양식코너,중식,목,품절시까지 양념치킨까스 토마토파스타&마늘빵 까르보나라&마늘빵 치즈오븐파스타
05월 29일,누리터 식당(일산캠퍼스),누리밥상,석식,목,소고기무국 오징어두부두루치기 숙주부추무침 김치
05월 29일,상록원2층식당,일품코너,중식,목,품절시까지 오므라이스 소세지구이 요구르트 돼지 
05월 29일,상록원3층식당,한그릇(한정판매),중식,목,차돌불고기숙주덮밥 막국수 식혜 
05월 29일,상록원3층식당,집밥,중식,목,매운돈갈비찜 콩나물냉국 비비고만두튀김 쑥갓나물 샐러드 
05월 30일,누리터 식당(일산캠퍼스),누리밥상,중식,금,통등심돈까스 팽이장국 양배추샐러드 단무지 김치 돌솥나물비빔밥 계란후라이 팽이장국 코다리무조림 단무지 김치
05월 30일,상록원3층식당,한그릇(한정판매),중식,금,카레라이스&새우튀김 야채핫바 제주감귤주스 
05월 30일,상록원1층식당(솥앤누들),메뉴,,금,삼겹살김치철판 치즈불닭철판 데리야끼치킨솥밥 숯불삼겹솥밥 우삼겹솥밥 콘치즈솥밥 냉모밀 냉모밀 돈가스 냉모밀 알밥 철판치즈돈가스 낙지삼겹솥밥 삼겹 돼지 오스트리아산 닭  소 미국산 스팸 돼지  외국산 돈가스 돼지  낙지 베트남산 쌀  배추김치 배추 고춧가루 
05월 30일,상록원2층식당,양식코너,중식,금,품절시까지 고구마치즈돈까스 토마토파스타&마늘빵 까르보나라&마늘빵 치즈오븐파스타
05월 30일,상록원3층식당,집밥,석식,금,설렁탕 왕만두 샐러드 깍두기
05월 30일,상록원2층식당,일품코너,중식,금,품절시까지 일식커리덮밥 치킨가라아게 요구르트  브라질산
05월 30일,상록원3층식당,집밥,중식,금,쫄면사리치즈닭갈비 후랑크볶음 숙주나물 샐러드 
05월 30일,누리터 식당(일산캠퍼스),누리밥상,석식,금,새우볶음밥 짜장소스 군만두 단무지 김치
05월 31일,상록원3층식당,집밥,중식,토,삼겹살두루치기덮밥
05월 19일,상록원3층식당,집밥,중식,월,소고기된장찌개 제육볶음 고구마줄기볶음 깻잎무침 샐러드 
05월 19일,누리터 식당(일산캠퍼스),누리밥상,석식,월,삼겹살김치찌개 비엔나케첩볶음 콩나물무침 깍두기
05월 19일,누리터 식당(일산캠퍼스),누리밥상,중식,월,제육숙주솥밥 유부장국 베이컨크림스파게티
05월 19일,상록원3층식당,집밥,석식,월,치즈부대찌개 치킨가라아게 콩나물무침 샐러드 
05월 19일,누리터 식당(일산캠퍼스),,조식뷔페,월,천원의 아침
05월 19일,상록원1층식당(솥앤누들),메뉴,,월,삼겹살김치철판 치즈불닭철판 데리야끼치킨솥밥 숯불삼겹솥밥 우삼겹솥밥 콘치즈솥밥 냉모밀 냉모밀 돈가스 냉모밀 알밥 철판치즈돈가스 낙지삼겹솥밥 삼겹 돼지 오스트리아산 닭 브라질산 소 미국산 스팸 돼지  외국산 돈가스 돼지  낙지 베트남산 쌀  배추김치 배추 고춧가루 
05월 19일,상록원2층식당,양식코너,중식,월,품절시까지 순살등심돈까스 토마토파스타&마늘빵 까르보나라&마늘빵 치즈오븐파스타
05월 19일,상록원3층식당,한그릇(한정판매),중식,월,롤치즈돈까스&생선까스 크림스프 샐러드 
05월 19일,상록원2층식당,일품코너,중식,월,품절시까지 불닭마요덮밥 요구르트 닭 
05월 20일,누리터 식당(일산캠퍼스),누리밥상,석식,화,참치마요덮밥 우동국물 감자고로케 단무지 김치
05월 20일,누리터 식당(일산캠퍼스),누리밥상,중식,화,낙지삼겹덮밥 호박두부된장국 느타리버섯전 닭곰탕 부추무침 깍두기
05월 20일,누리터 식당(일산캠퍼스),,조식뷔페,화,천원의 아침
05월 20일,상록원1층식당(솥앤누들),메뉴,,화,삼겹살김치철판 치즈불닭철판 데리야끼치킨솥밥 숯불삼겹솥밥 우삼겹솥밥 콘치즈솥밥 냉모밀 냉모밀 돈가스 냉모밀 알밥 철판치즈돈가스 낙지삼겹솥밥 삼겹 돼지 오스트리아산 닭 브라질산 소 미국산 스팸 돼지  외국산 돈가스 돼지  낙지 베트남산 쌀  배추김치 배추 고춧가루 
05월 20일,상록원2층식당,일품코너,중식,화,품절시까지 매콤제육덮밥 핫도그 요구르트 돼지  돼지 닭 
05월 20일,상록원2층식당,양식코너,중식,화,품절시까지 고구마치즈돈까스 토마토파스타&마늘빵 까르보나라&마늘빵 치즈오븐파스타
05월 20일,상록원3층식당,한그릇(한정판매),중식,화,산나물비빔밥 수제떡갈비&부추무침 식혜 
05월 20일,상록원3층식당,집밥,중식,화,돈코츠라멘 계란말이 단무지무침 샐러드 
05월 20일,상록원3층식당,집밥,석식,화, 변압기 고장으로 인한 운영중단
05월 21일,상록원3층식당,한그릇(한정판매),중식,수,차슈볶음밥 꼬치어묵국 쫄면무침 과일주스팩 
05월 21일,상록원2층식당,일품코너,중식,수,품절시까지 햄김치볶음밥 생선까스 돼지 
05월 21일,누리터 식당(일산캠퍼스),누리밥상,석식,수,잡채덮밥&짜장소스 짬뽕국 단무지 김치 요구르트
05월 21일,상록원2층식당,양식코너,중식,수,품절시까지 양념치킨까스 감자튀김 토마토파스타&마늘빵 까르보나라&마늘빵 치즈오븐파스타
05월 21일,누리터 식당(일산캠퍼스),,조식뷔페,수,천원의 아침
05월 21일,상록원3층식당,집밥,중식,수,치즈찜닭 의성마늘햄구이 시금치나물 샐러드 
05월 21일,누리터 식당(일산캠퍼스),누리밥상,중식,수,부대찌개 꽈리고추멸치볶음 부추계란찜 김치 순대국밥
05월 21일,상록원3층식당,집밥,석식,수,돈갈비김치찌개 치킨너겟 잡채 아삭이고추된장무침 
05월 21일,상록원1층식당(솥앤누들),메뉴,,수,삼겹살김치철판 치즈불닭철판 데리야끼치킨솥밥 숯불삼겹솥밥 우삼겹솥밥 콘치즈솥밥 냉모밀 냉모밀 돈가스 냉모밀 알밥 철판치즈돈가스 낙지삼겹솥밥 삼겹 돼지 오스트리아산 닭 브라질산 소 미국산 스팸 돼지  외국산 돈가스 돼지  낙지 베트남산 쌀  배추김치 배추 고춧가루 
05월 22일,상록원3층식당,집밥,석식,목,불고기전골 스팸구이 계란후라이 샐러드 
05월 22일,누리터 식당(일산캠퍼스),누리밥상,중식,목,돈까스카레덮밥 우동국물 브로콜리토마토샐러드 단무지 김치 파듬뿍육개장 동그랑땡 부추무침 각두기
05월 22일,누리터 식당(일산캠퍼스),,조식뷔페,목,천원의 아침
05월 22일,상록원3층식당,집밥,중식,목,수육쌈밥 진미채볶음 애호박나물 샐러드 
05월 22일,상록원1층식당(솥앤누들),메뉴,,목,삼겹살김치철판 치즈불닭철판 데리야끼치킨솥밥 숯불삼겹솥밥 우삼겹솥밥 콘치즈솥밥 냉모밀 냉모밀 돈가스 냉모밀 알밥 철판치즈돈가스 낙지삼겹솥밥 삼겹 돼지 오스트리아산 닭  브라질산 소 미국산 스팸 돼지  외국산 돈가스 돼지  낙지 베트남산 쌀  배추김치 배추 고춧가루 
05월 22일,상록원2층식당,양식코너,중식,목,품절시까지 치즈돈까스 토마토파스타&마늘빵 까르보나라&마늘빵 치즈오븐파스타
05월 22일,누리터 식당(일산캠퍼스),누리밥상,석식,목,열무비빔국수 우동국물 찐만두 초간장 단무지 김치
05월 22일,상록원2층식당,일품코너,중식,목,품절시까지 청양풍치킨덮밥 요구르트 닭 
05월 22일,상록원3층식당,한그릇(한정판매),중식,목,차돌참나물비빔밥 통살새우까스 
05월 23일,누리터 식당(일산캠퍼스),누리밥상,중식,금,참치김치덮밥 계란후라이 데리야끼탕수육 단무지 깍두기 소불고기뚝배기 단호박범벅 오이부추무침 김치
05월 23일,상록원3층식당,한그릇(한정판매),중식,금,삼겹살두루치기덮밥 수제파닭꼬치 
05월 23일,상록원1층식당(솥앤누들),메뉴,,금,삼겹살김치철판 치즈불닭철판 데리야끼치킨솥밥 숯불삼겹솥밥 우삼겹솥밥 콘치즈솥밥 냉모밀 냉모밀 돈가스 냉모밀 알밥 철판치즈돈가스 낙지삼겹솥밥 삼겹 돼지 오스트리아산 닭  브라질산 소 미국산 스팸 돼지  외국산 돈가스 돼지  낙지 베트남산 쌀  배추김치 배추 고춧가루 
05월 23일,누리터 식당(일산캠퍼스),,조식뷔페,금,천원의 아침
05월 23일,상록원2층식당,양식코너,중식,금,품절시까지 더블까스닭  돼지  토마토파스타&마늘빵 까르보나라&마늘빵 치즈오븐파스타
05월 23일,상록원3층식당,집밥,석식,금,돌솥비빔밥 롤치즈돈까스 납작떡갈비 샐러드 
05월 23일,상록원2층식당,일품코너,중식,금,품절시까지 불고기열무비빔밥 요구르트 소 호주산 열무 
05월 23일,상록원3층식당,집밥,중식,금,샤브칼국수 왕만두 미나리전 도토리묵무침 
05월 23일,누리터 식당(일산캠퍼스),누리밥상,석식,금,새우튀김우동 후리가케주먹밥 단무지 김치
05월 24일,상록원3층식당,집밥,중식,토,간장파불고기
05월 12일,상록원3층식당,집밥,중식,월,부대찌개 치킨가라아게 쑥갓나물 샐러드 
05월 12일,누리터 식당(일산캠퍼스),누리밥상,석식,월,왕새우오므라이스 유부장국 그린샐러드 단무지 김치
05월 12일,누리터 식당(일산캠퍼스),누리밥상,중식,월,제육소보로동 생선까스 타르타르소스 통등심돈까스
05월 12일,상록원3층식당,집밥,석식,월,돼지국밥 순대찜 새송이버섯볶음 비름나물 깍두기
05월 12일,누리터 식당(일산캠퍼스),,조식뷔페,월,천원의 아침
05월 12일,상록원1층식당(솥앤누들),메뉴,,월,삼겹살김치철판 치즈불닭철판 데리야끼치킨솥밥 숯불삼겹솥밥 우삼겹솥밥 콘치즈솥밥 냉모밀 냉모밀 돈가스 냉모밀 알밥 철판치즈돈가스 낙지삼겹솥밥 돌솥비빔밥 삼겹 돼지 오스트리아산 닭 브라질산 소 미국산 스팸 돼지  외국산 돈가스 돼지  낙지 베트남산 쌀  배추김치 배추 고춧가루 
05월 12일,상록원2층식당,양식코너,중식,월,품절시까지 미소카츠 토마토파스타&마늘빵 까르보나라&마늘빵 치즈오븐파스타
05월 12일,상록원3층식당,한그릇(한정판매),중식,월,차슈덮밥 떡볶이 군만두 요플레 
05월 12일,상록원2층식당,일품코너,중식,월,품절시까지 게살볶음밥 파 요구르트  브라질산
05월 13일,누리터 식당(일산캠퍼스),누리밥상,석식,화,닭고기데리야끼솥밥 유부장국 단무지 김치 요구르트
05월 13일,누리터 식당(일산캠퍼스),누리밥상,중식,화,오삼불고기덮밥 얼큰수육국밥
05월 13일,누리터 식당(일산캠퍼스),,조식뷔페,화,천원의 아침
05월 13일,상록원1층식당(솥앤누들),메뉴,,화,삼겹살김치철판 치즈불닭철판 데리야끼치킨솥밥 숯불삼겹솥밥 우삼겹솥밥 콘치즈솥밥 냉모밀 냉모밀 돈가스 냉모밀 알밥 철판치즈돈가스 낙지삼겹솥밥 돌솥비빔밥 삼겹 돼지 오스트리아산 닭 브라질산 소 미국산 스팸 돼지  외국산 돈가스 돼지  낙지 베트남산 쌀  배추김치 배추 고춧가루 
05월 13일,상록원2층식당,일품코너,중식,화,품절시까지 소불고기김치볶음덮밥 요구르트 소 
05월 13일,상록원2층식당,양식코너,중식,화,품절시까지 치즈돈까스 토마토파스타&마늘빵 까르보나라&마늘빵 치즈오븐파스타
05월 13일,상록원3층식당,한그릇(한정판매),중식,화,오므라이스&치즈롤까스 훈제닭다리살샐러드 
05월 13일,상록원3층식당,집밥,중식,화,삼겹살쌈밥 감자채볶음 비름나물 도시락김 샐러드 
05월 13일,상록원3층식당,집밥,석식,화,쫄면사리치즈닭갈비 의성마늘햄구이 감자채볶음 샐러드 
05월 14일,상록원3층식당,집밥,중식,수,된장찌개 바싹불고기 비엔나볶음 미나리나물 샐러드 
05월 14일,상록원3층식당,한그릇(한정판매),중식,수,날치알김치볶음밥&그릴소세지 통살새우까스&양파링튀김 
05월 14일,상록원2층식당,일품코너,중식,수,품절시까지 낙삼덮밥 요구르트 낙지  삼겹 오스트리아산
05월 14일,누리터 식당(일산캠퍼스),,조식뷔페,수,천원의 아침
05월 14일,누리터 식당(일산캠퍼스),누리밥상,석식,수,감자탕 오이스틱 쌈장 어묵야채볶음 깍두기
05월 14일,상록원2층식당,양식코너,중식,수,품절시까지 순살등심돈까스 토마토파스타&마늘빵 까르보나라&마늘빵 치즈오븐파스타
05월 14일,누리터 식당(일산캠퍼스),누리밥상,중식,수,뚝배기청국장 제육볶음 상추쌈 쌈장 소시지전 케첩 김치 순대국밥
05월 14일,상록원3층식당,집밥,석식,수,강된장제육비빔밥 김말이강정 해물동그랑땡 도시락김 샐러드 
05월 14일,상록원1층식당(솥앤누들),메뉴,,수,삼겹살김치철판 치즈불닭철판 데리야끼치킨솥밥 숯불삼겹솥밥 우삼겹솥밥 콘치즈솥밥 냉모밀 냉모밀 돈가스 냉모밀 알밥 철판치즈돈가스 낙지삼겹솥밥 돌솥비빔밥 삼겹 돼지 오스트리아산 닭 브라질산 소 미국산 스팸 돼지  외국산 돈가스 돼지  낙지 베트남산 쌀  배추김치 배추 고춧가루 
05월 15일,누리터 식당(일산캠퍼스),누리밥상,중식,목,고기국수 쌀밥 단무지 김치 요구르트 스팸제육김치팬라이스
05월 15일,상록원3층식당,한그릇(한정판매),중식,목,불고기열무비빔밥 훈제오리&부추무침 
05월 15일,상록원1층식당(솥앤누들),메뉴,,목,삼겹살김치철판 치즈불닭철판 데리야끼치킨솥밥 숯불삼겹솥밥 우삼겹솥밥 콘치즈솥밥 냉모밀 냉모밀 돈가스 냉모밀 알밥 철판치즈돈가스 낙지삼겹솥밥 삼겹 돼지 오스트리아산 닭 브라질산 소 미국산 스팸 돼지  외국산 돈가스 돼지  낙지 베트남산 쌀  배추김치 배추 고춧가루 
05월 15일,상록원2층식당,양식코너,중식,목,품절시까지 치즈롤까스 토마토파스타&마늘빵 까르보나라&마늘빵 치즈오븐파스타
05월 15일,누리터 식당(일산캠퍼스),누리밥상,석식,목,날치알김치볶음밥 유부장국 돈육메추리알장조림 단무지 깍두기
05월 15일,상록원2층식당,일품코너,중식,목,품절시까지 짜장면 계란볶음밥 요구르트 돼지 
05월 15일,상록원3층식당,집밥,석식,목,삼겹살김치찜 꼬마돈까스 콩나물무침 샐러드 
05월 15일,상록원3층식당,집밥,중식,목,장각삼계탕 왕만두 아삭이고추된장무침 샐러드 
05월 16일,누리터 식당(일산캠퍼스),누리밥상,중식,금,찹스테이크팬라이스 치즈돈까스
05월 16일,상록원3층식당,한그릇(한정판매),중식,금,쭈삼불고기덮밥 치킨까스 
05월 16일,누리터 식당(일산캠퍼스),,조식뷔페,금,천원의 아침
05월 16일,상록원1층식당(솥앤누들),메뉴,,금,삼겹살김치철판 치즈불닭철판 데리야끼치킨솥밥 숯불삼겹솥밥 우삼겹솥밥 콘치즈솥밥 냉모밀 냉모밀 돈가스 냉모밀 알밥 철판치즈돈가스 낙지삼겹솥밥 삼겹 돼지 오스트리아산 닭 브라질산 소 미국산 스팸 돼지  외국산 돈가스 돼지  낙지 베트남산 쌀  배추김치 배추 고춧가루 
05월 16일,상록원2층식당,양식코너,중식,금,품절시까지 고구마치즈돈까스 토마토파스타&마늘빵 까르보나라&마늘빵 치즈오븐파스타
05월 16일,상록원3층식당,집밥,석식,금,설렁탕 미나리전 샐러드 깍두기
05월 16일,상록원2층식당,일품코너,중식,금,품절시까지 제육비빔밥 요구르트 돼지 
05월 16일,상록원3층식당,집밥,중식,금,뚝배기수제함박 오이부추무침 모닝빵 콘샐러드 
05월 16일,누리터 식당(일산캠퍼스),누리밥상,석식,금,멸치주먹밥&라면 단무지 김치 요구르트
05월 17일,상록원3층식당,집밥,중식,토,돈목살김치찌개
05월 07일,상록원3층식당,집밥,중식,수,삼겹살김치찜 꼬마돈까스 우엉어묵조림 콩나물무침 샐러드
05월 07일,누리터 식당(일산캠퍼스),누리밥상,중식,수,참치김치덮밥 닭강정 고구마치즈돈까스
05월 07일,상록원3층식당,집밥,석식,수,돌솥비빔밥 훈제오리 부추겉절이 김말이강정 샐러드 
05월 07일,누리터 식당(일산캠퍼스),,조식뷔페,수,천원의 아침
05월 07일,상록원3층식당,한그릇(한정판매),중식,수,치즈돈까스 크림스프 샐러드  탄산음료
05월 07일,상록원2층식당,일품코너,중식,수,품절시까지 제육김치볶음밥 요구르트 돼지 
05월 07일,누리터 식당(일산캠퍼스),누리밥상,석식,수,숯불삼겹솥밥 우동국물 단무지 김치 요구르트
05월 07일,상록원2층식당,양식코너,중식,수,품절시까지 치즈돈까스 토마토파스타&마늘빵 까르보나라&마늘빵 치즈오븐파스타
05월 07일,상록원1층식당(솥앤누들),메뉴,,수,삼겹살김치철판 치즈불닭철판 데리야끼치킨솥밥 숯불삼겹솥밥 우삼겹솥밥 콘치즈솥밥 꼬치어묵우동 왕새우튀김우동 우동 돈가스 우동 알밥 철판치즈돈가스 낙지삼겹솥밥 삼겹 돼지 오스트리아산 닭 브라질산 소 미국산 스팸 돼지  외국산 돈가스 돼지  낙지 베트남산 쌀  배추김치 배추 고춧가루 
05월 09일,누리터 식당(일산캠퍼스),누리밥상,중식,금,쫄면 꼬치어묵 스팸김치솥밥
05월 09일,상록원1층식당(솥앤누들),메뉴,,금,삼겹살김치철판 치즈불닭철판 데리야끼치킨솥밥 숯불삼겹솥밥 우삼겹솥밥 콘치즈솥밥 꼬치어묵우동 왕새우튀김우동 우동 돈가스 우동 알밥 철판치즈돈가스 낙지삼겹솥밥 삼겹 돼지 오스트리아산 닭 브라질산 소 미국산 스팸 돼지  외국산 돈가스 돼지  낙지 베트남산 쌀  배추김치 배추 고춧가루 
05월 09일,상록원2층식당,일품코너,중식,금,품절시까지 왕새우튀김덮밥
05월 09일,상록원3층식당,한그릇(한정판매),중식,금,산나물비빔밥 꼬치어묵국 수제탕수육  식혜
05월 09일,상록원3층식당,집밥,석식,금,오므라이스&그릴소세지 통살새우까스 단무지무침 샐러드 
05월 09일,상록원3층식당,집밥,중식,금,뚝배기고추장파불고기 치킨너겟 비름나물 샐러드 
05월 09일,상록원2층식당,양식코너,중식,금,품절시까지 치즈돈까스 토마토파스타&마늘빵 까르보나라&마늘빵 치즈오븐파스타
05월 09일,누리터 식당(일산캠퍼스),누리밥상,석식,금,미트볼스파게티 양송이스프 그린샐러드 모닝빵 딸기쨈 단무지
05월 10일,상록원3층식당,집밥,중식,토,등심돈까스
04월 28일,상록원3층식당,집밥,중식,월,소고기된장찌개 제육볶음 멸치아몬드볶음 시금치나물 샐러드 
04월 28일,누리터 식당(일산캠퍼스),누리밥상,석식,월,소고기무국 온두부&볶음김치 제육볶음 깍두기
04월 28일,누리터 식당(일산캠퍼스),누리밥상,중식,월,카레덮밥 동그랑땡 스팸김치찌개 동그랑땡 미역줄기볶음 깍두기
04월 28일,상록원3층식당,집밥,석식,월,롤치즈돈까스&생선까스 떡볶이 단무지무침 샐러드 
04월 28일,누리터 식당(일산캠퍼스),,조식뷔페,월,천원의 아침
04월 28일,상록원1층식당(솥앤누들),메뉴,,월,삼겹살김치철판 치즈불닭철판 데리야끼치킨솥밥 숯불삼겹솥밥 우삼겹솥밥 콘치즈솥밥 꼬치어묵우동 왕새우튀김우동 우동 돈가스 우동 알밥 철판치즈돈가스 낙지삼겹솥밥 돌솥비빔밥 삼겹 돼지 오스트리아산 닭 브라질산 소 미국산 스팸 돼지  외국산 돈가스 돼지  낙지 베트남산 쌀  배추김치 배추 고춧가루 
04월 28일,상록원2층식당,양식코너,중식,월,품절시까지 고구마치즈돈까스 토마토파스타&마늘빵 까르보나라&마늘빵 치즈오븐파스타
04월 28일,상록원3층식당,한그릇(한정판매),중식,월,카레&그릴소시지 치킨까스 마시는요거트 
04월 28일,상록원2층식당,일품코너,중식,월,품절시까지 햄김치볶음밥 생선까스 요구르트 돼지 
04월 29일,누리터 식당(일산캠퍼스),누리밥상,석식,화,순두부찌개 쌀밥 데리야끼떡갈비 깻잎지무침 김치
04월 29일,누리터 식당(일산캠퍼스),누리밥상,중식,화,마파두부덮밥 부추계란국 찹쌀탕수육 단무지 김치 미나리곰탕 쌀밥 오이부추무침 깍두기 요구르트
04월 29일,누리터 식당(일산캠퍼스),,조식뷔페,화,천원의 아침
04월 29일,상록원1층식당(솥앤누들),메뉴,,화,삼겹살김치철판 치즈불닭철판 데리야끼치킨솥밥 숯불삼겹솥밥 우삼겹솥밥 콘치즈솥밥 꼬치어묵우동 왕새우튀김우동 우동 돈가스 우동 알밥 철판치즈돈가스 낙지삼겹솥밥 돌솥비빔밥 삼겹 돼지 오스트리아산 닭 브라질산 소 미국산 스팸 돼지  외국산 돈가스 돼지  낙지 베트남산 쌀  배추김치 배추 고춧가루 
04월 29일,상록원2층식당,일품코너,중식,화,품절시까지 숯불제육덮밥 감귤쥬스 돼지 
04월 29일,상록원2층식당,양식코너,중식,화,품절시까지 양념치킨까스&감자튀김 토마토파스타&마늘빵 까르보나라&마늘빵 치즈오븐파스타
04월 29일,상록원3층식당,한그릇(한정판매),중식,화,불고기열무비빔밥 통새우볼튀김 
04월 29일,상록원3층식당,집밥,중식,화,장각삼계탕 왕만두 아삭이고추된장무침 샐러드 
04월 29일,상록원3층식당,집밥,석식,화,돈목살김치찌개 계란말이 쑥갓나물 도시락김 샐러드 
04월 30일,상록원3층식당,한그릇(한정판매),중식,수,게살새우볶음밥&짜장 꼬치어묵국 모듬탕수 
04월 30일,상록원2층식당,일품코너,중식,수,품절시까지 매콤닭갈비덮밥 김말이튀김 닭 
04월 30일,누리터 식당(일산캠퍼스),누리밥상,석식,수,베이컨마늘볶음밥 들깨미역국 케이준샐러드 단무지 김치
04월 30일,상록원2층식당,양식코너,중식,수,품절시까지 순살등심돈까스 토마토파스타&마늘빵 까르보나라&마늘빵 치즈오븐파스타
04월 30일,누리터 식당(일산캠퍼스),,조식뷔페,수,천원의 아침
04월 30일,상록원3층식당,집밥,중식,수,김치가츠나베 꽈리고추어묵볶음 참나물무침 샐러드 
04월 30일,누리터 식당(일산캠퍼스),누리밥상,중식,수,치즈불닭팬라이스 우동국물 단무지 김치 순대국밥 부추무침 깍두기
04월 30일,상록원3층식당,집밥,석식,수,장조림버터솥밥 김말이강정 쫄면무침 샐러드 
04월 30일,상록원1층식당(솥앤누들),메뉴,,수,삼겹살김치철판 치즈불닭철판 데리야끼치킨솥밥 숯불삼겹솥밥 우삼겹솥밥 콘치즈솥밥 꼬치어묵우동 왕새우튀김우동 우동 돈가스 우동 알밥 철판치즈돈가스 낙지삼겹솥밥 돌솥비빔밥 삼겹 돼지 오스트리아산 닭 브라질산 소 미국산 스팸 돼지  외국산 돈가스 돼지  낙지 베트남산 쌀  배추김치 배추 고춧가루 
05월 01일,상록원3층식당,집밥,석식,목,부대찌개 연어까스 샐러드 
05월 01일,누리터 식당(일산캠퍼스),누리밥상,중식,목,제육김치덮밥 유부장국 단무지 김치 요구르트 치즈돈까스
05월 01일,누리터 식당(일산캠퍼스),,조식뷔페,목,천원의 아침
05월 01일,상록원3층식당,집밥,중식,목,뚝배기간장파불고기 치킨가라아게 비름나물 샐러드 
05월 01일,상록원1층식당(솥앤누들),메뉴,,목,삼겹살김치철판 치즈불닭철판 데리야끼치킨솥밥 숯불삼겹솥밥 우삼겹솥밥 콘치즈솥밥 꼬치어묵우동 왕새우튀김우동 우동 돈가스 우동 알밥 철판치즈돈가스 낙지삼겹솥밥 돌솥비빔밥 삼겹 돼지 오스트리아산 닭 브라질산 소 미국산 스팸 돼지  외국산 돈가스 돼지  낙지 베트남산 쌀  배추김치 배추 고춧가루 
05월 01일,상록원2층식당,양식코너,중식,목,품절시까지 치즈돈까스 토마토파스타&마늘빵 까르보나라&마늘빵 치즈오븐파스타
05월 01일,누리터 식당(일산캠퍼스),누리밥상,석식,목,샤브칼국수 쌀밥 단무지 김치 요구르트
05월 01일,상록원2층식당,일품코너,중식,목,품절시까지 일식커리 그릴소세지구이 
05월 01일,상록원3층식당,한그릇(한정판매),중식,목,산채비빔밥 훈제오리&부추무침 식혜 
05월 02일,누리터 식당(일산캠퍼스),누리밥상,중식,금,콩나물밥 제육볶음 차돌된장찌개 야채계란말이 느타리버섯볶음 김치
05월 02일,상록원3층식당,한그릇(한정판매),중식,금,닭다리살오븐구이덮밥 타코야끼 제주감귤주스 
05월 02일,상록원1층식당(솥앤누들),메뉴,,금,삼겹살김치철판 치즈불닭철판 데리야끼치킨솥밥 숯불삼겹솥밥 우삼겹솥밥 콘치즈솥밥 꼬치어묵우동 왕새우튀김우동 우동 돈가스 우동 알밥 철판치즈돈가스 낙지삼겹솥밥 돌솥비빔밥 삼겹 돼지 오스트리아산 닭 브라질산 소 미국산 스팸 돼지  외국산 돈가스 돼지  낙지 베트남산 쌀  배추김치 배추 고춧가루 
05월 02일,누리터 식당(일산캠퍼스),,조식뷔페,금,천원의 아침
05월 02일,상록원2층식당,양식코너,중식,금,품절시까지 미소카츠 토마토파스타&마늘빵 까르보나라&마늘빵 치즈오븐파스타
05월 02일,상록원3층식당,집밥,석식,금,양지곰탕 의성마늘햄구이 간장고추지 샐러드 깍두기
05월 02일,상록원2층식당,일품코너,중식,금,품절시까지 삼겹김치볶음덮밥 요구르트 돼지 오스트리아산 
05월 02일,상록원3층식당,집밥,중식,금,매운돈갈비찜 납작떡갈비 콩나물무침 샐러드 
05월 02일,누리터 식당(일산캠퍼스),누리밥상,석식,금,잡채덮밥&짜장소스 우동국물 군만두 단무지 김치
05월 03일,상록원3층식당,집밥,중식,토,얼큰만두전골
04월 21일,상록원3층식당,집밥,중식,월,불고기전골 스팸구이&계란후라이 가지나물 샐러드 
04월 21일,누리터 식당(일산캠퍼스),누리밥상,석식,월,김치볶음밥 우동국물 핫도그 단무지 김치
04월 21일,누리터 식당(일산캠퍼스),누리밥상,중식,월,치즈닭갈비솥밥 통등심돈까스
04월 21일,상록원3층식당,집밥,석식,월,장각삼계탕 왕만두 아삭이고추된장무침 샐러드 
04월 21일,누리터 식당(일산캠퍼스),,조식뷔페,월,천원의 아침
04월 21일,상록원1층식당(솥앤누들),메뉴,,월,삼겹살김치철판 치즈불닭철판 데리야끼치킨솥밥 숯불삼겹솥밥 우삼겹솥밥 콘치즈솥밥 꼬치어묵우동 왕새우튀김우동 우동 돈가스 우동 알밥 철판치즈돈가스 낙지삼겹솥밥 돌솥비빔밥 삼겹 돼지 오스트리아산 닭 브라질산 소 미국산 스팸 돼지  외국산 돈가스 돼지  낙지 베트남산 쌀  배추김치 배추 고춧가루 
04월 21일,상록원2층식당,양식코너,중식,월,품절시까지 미소카츠 토마토파스타&마늘빵 까르보나라&마늘빵
04월 21일,상록원3층식당,한그릇(한정판매),중식,월,롤치즈돈까스&생선까스 크림스프 샐러드  탄산음료
04월 21일,상록원2층식당,일품코너,중식,월,품절시까지 치킨마요덮밥 요구르트  브라질산
04월 22일,누리터 식당(일산캠퍼스),누리밥상,석식,화,왕새우오므라이스 우동국물 떡볶이 단무지 김치
04월 22일,누리터 식당(일산캠퍼스),누리밥상,중식,화,참치마요덮밥 부대찌개
04월 22일,누리터 식당(일산캠퍼스),,조식뷔페,화,천원의 아침
04월 22일,상록원1층식당(솥앤누들),메뉴,,화,삼겹살김치철판 치즈불닭철판 데리야끼치킨솥밥 숯불삼겹솥밥 우삼겹솥밥 콘치즈솥밥 꼬치어묵우동 왕새우튀김우동 우동 돈가스 우동 알밥 철판치즈돈가스 낙지삼겹솥밥 돌솥비빔밥 삼겹 돼지 오스트리아산 닭 브라질산 소 미국산 스팸 돼지  외국산 돈가스 돼지  낙지 베트남산 쌀  배추김치 배추 고춧가루 
04월 22일,상록원2층식당,일품코너,중식,화,품절시까지 매콤제육덮밥 핫도그 돼지 
04월 22일,상록원2층식당,양식코너,중식,화,품절시까지 치즈롤까스 토마토파스타&마늘빵 까르보나라&마늘빵
04월 22일,상록원3층식당,한그릇(한정판매),중식,화,우삼겹숙주덮밥 꼬치어묵국  꽈배기도너츠
04월 22일,상록원3층식당,집밥,중식,화,삼겹살김치찜 군만두 건파래볶음 돌나물오이무침 샐러드
04월 22일,상록원3층식당,집밥,석식,화,매콤쭈삼솥밥 치킨너겟 청포묵무침 샐러드 
04월 23일,상록원3층식당,한그릇(한정판매),중식,수,왕새우튀김덮밥 훈제닭다리샐러드 
04월 23일,상록원2층식당,일품코너,중식,수,품절시까지 오므라이스&돈육함박 돼지 
04월 23일,누리터 식당(일산캠퍼스),누리밥상,석식,수,꼬치어묵우동&유부초밥 단무지 김치 콩도너츠
04월 23일,상록원2층식당,양식코너,중식,수,품절시까지 더블까스 토마토파스타&마늘빵 까르보나라&마늘빵
04월 23일,누리터 식당(일산캠퍼스),,조식뷔페,수,천원의 아침
04월 23일,상록원3층식당,집밥,중식,수,된장찌개 삼겹살오븐구이 해물완자전 베이컨감자채볶음 샐러드 
04월 23일,누리터 식당(일산캠퍼스),누리밥상,중식,수,불고기열무부추비빔밥 얼큰수육국밥
04월 23일,상록원3층식당,집밥,석식,수,오므라이스&그릴소세지 돈까스 단무지무침 샐러드 
04월 23일,상록원1층식당(솥앤누들),메뉴,,수,삼겹살김치철판 치즈불닭철판 데리야끼치킨솥밥 숯불삼겹솥밥 우삼겹솥밥 콘치즈솥밥 꼬치어묵우동 왕새우튀김우동 우동 돈가스 우동 알밥 철판치즈돈가스 낙지삼겹솥밥 돌솥비빔밥 삼겹 돼지 오스트리아산 닭 브라질산 소 미국산 스팸 돼지  외국산 돈가스 돼지  낙지 베트남산 쌀  배추김치 배추 고춧가루 
04월 24일,상록원3층식당,집밥,석식,목,날치알김치불고기솥밥 떡볶이 양파리튀김 샐러드 
04월 24일,누리터 식당(일산캠퍼스),누리밥상,중식,목,묵은지김치찜 눈꽃치즈제육덮밥
04월 24일,누리터 식당(일산캠퍼스),,조식뷔페,목,천원의 아침
04월 24일,상록원3층식당,집밥,중식,목,샤브칼국수 삼겹살수육 매운어묵볶음 샐러드 
04월 24일,상록원1층식당(솥앤누들),메뉴,,목,삼겹살김치철판 치즈불닭철판 데리야끼치킨솥밥 숯불삼겹솥밥 우삼겹솥밥 콘치즈솥밥 꼬치어묵우동 왕새우튀김우동 우동 돈가스 우동 알밥 철판치즈돈가스 낙지삼겹솥밥 돌솥비빔밥 삼겹 돼지 오스트리아산 닭 브라질산 소 미국산 스팸 돼지  외국산 돈가스 돼지  낙지 베트남산 쌀  배추김치 배추 고춧가루 
04월 24일,상록원2층식당,양식코너,중식,목,품절시까지 순살등심돈까스 토마토파스타&마늘빵 까르보나라&마늘빵
04월 24일,누리터 식당(일산캠퍼스),누리밥상,석식,목,돼지수육&막국수 쌀밥 팽이장국 상추쌈&쌈장 무말랭이무침 김치
04월 24일,상록원2층식당,일품코너,중식,목,품절시까지 제육소보로동 요구르트 돼지 
04월 24일,상록원3층식당,한그릇(한정판매),중식,목,닭갈비야채비빔밥 통살새우까스 
04월 25일,누리터 식당(일산캠퍼스),누리밥상,중식,금,잔치국수&후리가케주먹밥 안동찜닭
04월 25일,상록원3층식당,한그릇(한정판매),중식,금,차슈볶음밥 막국수 찐빵 제주감귤주스 
04월 25일,상록원1층식당(솥앤누들),메뉴,,금,삼겹살김치철판 치즈불닭철판 데리야끼치킨솥밥 숯불삼겹솥밥 우삼겹솥밥 콘치즈솥밥 꼬치어묵우동 왕새우튀김우동 우동 돈가스 우동 알밥 철판치즈돈가스 낙지삼겹솥밥 돌솥비빔밥 삼겹 돼지 오스트리아산 닭 브라질산 소 미국산 스팸 돼지  외국산 돈가스 돼지  낙지 베트남산 쌀  배추김치 배추 고춧가루 
04월 25일,누리터 식당(일산캠퍼스),,조식뷔페,금,천원의 아침
04월 25일,상록원2층식당,양식코너,중식,금,품절시까지 고구마치즈돈까스 토마토파스타&마늘빵 까르보나라&마늘빵
04월 25일,상록원3층식당,집밥,석식,금,얼큰만두전골 납작떡갈비 미역줄기볶음 샐러드 
04월 25일,상록원2층식당,일품코너,중식,금,품절시까지 눈꽃치즈닭갈비덮밥 요구르트
04월 25일,상록원3층식당,집밥,중식,금,소고기국밥 탕수육 미나리나물 도시락김 샐러드 깍두기
04월 25일,누리터 식당(일산캠퍼스),누리밥상,석식,금,고구마치즈돈까스 우동국물 양배추샐러드 단무지 김치
04월 26일,상록원3층식당,집밥,중식,토,산채비빔밥
04월 14일,상록원3층식당,집밥,중식,월,돈갈비김치찌개 꼬마돈까스 멸치호두볶음 시금치나물 도시락김 샐러드
04월 14일,누리터 식당(일산캠퍼스),누리밥상,석식,월,돈코츠라멘 쌀밥 단무지 김치
04월 14일,누리터 식당(일산캠퍼스),누리밥상,중식,월,새우볶음밥 짜장소스 짬뽕국 탕수육 미나리곰탕
04월 14일,상록원3층식당,집밥,석식,월,육개장 스팸구이&계란후라이 건파래볶음 샐러드 깍두기
04월 14일,누리터 식당(일산캠퍼스),,조식뷔페,월,천원의 아침
04월 14일,상록원1층식당(솥앤누들),메뉴,,월,삼겹살김치철판 치즈불닭철판 데리야끼치킨솥밥 숯불삼겹솥밥 우삼겹솥밥 콘치즈솥밥 꼬치어묵우동 왕새우튀김우동 우동 돈가스 우동 알밥 철판치즈돈가스 낙지삼겹솥밥 삼겹 돼지 오스트리아산 닭 브라질산 소 미국산 스팸 돼지  외국산 돈가스 돼지  낙지 베트남산 쌀  배추김치 배추 고춧가루 
04월 14일,상록원2층식당,양식코너,중식,월,품절시까지 눈꽃치즈돈까스 토마토파스타&마늘빵 까르보나라&마늘빵
04월 14일,상록원3층식당,한그릇(한정판매),중식,월,봄나물비빔밥 생선까스&왕새우튀김 
04월 14일,상록원2층식당,일품코너,중식,월,품절시까지 삼겹김치볶음덮밥 요구르트  오스트리아산 미국산
04월 15일,누리터 식당(일산캠퍼스),누리밥상,석식,화,콩나물해장국 제육버섯볶음 양배추쌈&쌈장 
04월 15일,누리터 식당(일산캠퍼스),누리밥상,중식,화,데리야끼치킨덮밥 순대국밥
04월 15일,누리터 식당(일산캠퍼스),,조식뷔페,화,천원의 아침
04월 15일,상록원1층식당(솥앤누들),메뉴,,화,삼겹살김치철판 치즈불닭철판 데리야끼치킨솥밥 숯불삼겹솥밥 우삼겹솥밥 콘치즈솥밥 꼬치어묵우동 왕새우튀김우동 우동 돈가스 우동 알밥 철판치즈돈가스 낙지삼겹솥밥 삼겹 돼지 오스트리아산 닭 브라질산 소 미국산 스팸 돼지  외국산 돈가스 돼지  낙지 베트남산 쌀  배추김치 배추 고춧가루 
04월 15일,상록원2층식당,일품코너,중식,화,품절시까지 제육숙주마요덮밥 돼지 
04월 15일,상록원2층식당,양식코너,중식,화,품절시까지 치즈돈까스 토마토파스타&마늘빵 까르보나라&마늘빵
04월 15일,상록원3층식당,한그릇(한정판매),중식,화,게살새우볶음밥&짜장 모듬탕수 단무지 
04월 15일,상록원3층식당,집밥,중식,화,소고기된장찌개 제육볶음 납작떡갈비 콩나물무침 샐러드 
04월 15일,상록원3층식당,집밥,석식,화,김치가츠나베 매운어묵볶음 숙주나물 샐러드 
04월 16일,상록원3층식당,한그릇(한정판매),중식,수,치즈돈까스 떡볶이 샐러드  탄산음료
04월 16일,상록원2층식당,일품코너,중식,수,품절시까지 계란햄볶음밥&자장소스 군만두 요구르트 돼지 
04월 16일,누리터 식당(일산캠퍼스),누리밥상,석식,수,숯불삼겹솥밥
04월 16일,상록원2층식당,양식코너,중식,수,품절시까지 미소카츠 토마토파스타&마늘빵 까르보나라&마늘빵
04월 16일,누리터 식당(일산캠퍼스),,조식뷔페,수,천원의 아침
04월 16일,상록원3층식당,집밥,중식,수,뚝배기치즈찜닭 잡채 도토리묵돌나물무침 샐러드 
04월 16일,누리터 식당(일산캠퍼스),누리밥상,중식,수,돈까스덮밥 파듬뿍육개장
04월 16일,상록원3층식당,집밥,석식,수,부대찌개 계란말이 참나물무침 샐러드 
04월 16일,상록원1층식당(솥앤누들),메뉴,,수,삼겹살김치철판 치즈불닭철판 데리야끼치킨솥밥 숯불삼겹솥밥 우삼겹솥밥 콘치즈솥밥 꼬치어묵우동 왕새우튀김우동 우동 돈가스 우동 알밥 철판치즈돈가스 낙지삼겹솥밥 삼겹 돼지 오스트리아산 닭 브라질산 소 미국산 스팸 돼지  외국산 돈가스 돼지  낙지 베트남산 쌀  배추김치 배추 고춧가루 
04월 17일,상록원3층식당,집밥,석식,목,설렁탕 왕만두 두부조림 샐러드 깍두기
04월 17일,누리터 식당(일산캠퍼스),누리밥상,중식,목,스팸제육김치팬라이스 차돌된장찌개 떡갈비 상추겉절이 김치
04월 17일,누리터 식당(일산캠퍼스),,조식뷔페,목,천원의 아침
04월 17일,상록원3층식당,집밥,중식,목,고추장파불고기 치킨가라아게 고사리나물 샐러드 
04월 17일,상록원1층식당(솥앤누들),메뉴,,목,삼겹살김치철판 치즈불닭철판 데리야끼치킨솥밥 숯불삼겹솥밥 우삼겹솥밥 콘치즈솥밥 꼬치어묵우동 왕새우튀김우동 우동 돈가스 우동 알밥 철판치즈돈가스 낙지삼겹솥밥 삼겹 돼지 오스트리아산 닭 브라질산 소 미국산 스팸 돼지  외국산 돈가스 돼지  낙지 베트남산 쌀  배추김치 배추 고춧가루 
04월 17일,상록원2층식당,양식코너,중식,목,품절시까지 치즈롤까스 토마토파스타&마늘빵 까르보나라&마늘빵
04월 17일,누리터 식당(일산캠퍼스),누리밥상,석식,목,설렁탕 치킨너겟 참나물무침 깍두기
04월 17일,상록원2층식당,일품코너,중식,목,품절시까지 청양풍치킨볶음덮밥 요구르트 닭 
04월 17일,상록원3층식당,한그릇(한정판매),중식,목,카레&바싹불고기 핫도그  요플레
04월 18일,누리터 식당(일산캠퍼스),누리밥상,중식,금,오삼불고기덮밥 계란후라이 미니우동&알밥
04월 18일,상록원3층식당,한그릇(한정판매),중식,금,매콤주꾸미비빔밥 치킨까스 
04월 18일,상록원1층식당(솥앤누들),메뉴,,금,삼겹살김치철판 치즈불닭철판 데리야끼치킨솥밥 숯불삼겹솥밥 우삼겹솥밥 콘치즈솥밥 꼬치어묵우동 왕새우튀김우동 우동 돈가스 우동 알밥 철판치즈돈가스 낙지삼겹솥밥 삼겹 돼지 오스트리아산 닭 브라질산 소 미국산 스팸 돼지  외국산 돈가스 돼지  낙지 베트남산 쌀  배추김치 배추 고춧가루 
04월 18일,누리터 식당(일산캠퍼스),,조식뷔페,금,천원의 아침
04월 18일,상록원2층식당,양식코너,중식,금,품절시까지 더블까스 토마토파스타&마늘빵 까르보나라&마늘빵
04월 18일,상록원3층식당,집밥,석식,금,우삼겹숙주덮밥 꼬치어묵국 청경채겉절이 단무지무침 샐러드 
04월 18일,상록원2층식당,일품코너,중식,금,품절시까지 치즈제육덮밥 요구르트 돼지 
04월 18일,상록원3층식당,집밥,중식,금,라면사리만두전골 의성마늘햄구이 세발나물무침 샐러드 
04월 18일,누리터 식당(일산캠퍼스),누리밥상,석식,금,하이라이스 닭강정 단무지 김치
04월 19일,상록원3층식당,집밥,중식,토,삼겹살두루치기덮밥
04월 07일,상록원3층식당,집밥,중식,월,부대찌개 치킨너겟 쑥갓나물 샐러드 
04월 07일,누리터 식당(일산캠퍼스),누리밥상,석식,월,참치마요덮밥 딸기요플레
04월 07일,누리터 식당(일산캠퍼스),누리밥상,중식,월,치즈불닭팬라이스 통등심돈까스
04월 07일,상록원3층식당,집밥,석식,월,된장찌개 삼겹살오븐구이 명이나물 미역줄기볶음 콩나물무침 샐러드 
04월 07일,누리터 식당(일산캠퍼스),,조식뷔페,월,천원의 아침
04월 07일,상록원1층식당(솥앤누들),메뉴,,월,삼겹살김치철판 치즈불닭철판 데리야끼치킨솥밥 숯불삼겹솥밥 우삼겹솥밥 콘치즈솥밥 꼬치어묵우동 왕새우튀김우동 우동 돈가스 우동 알밥 철판치즈돈가스 낙지삼겹솥밥 삼겹 돼지 오스트리아산 닭 브라질산 소 미국산 스팸 돼지  외국산 돈가스 돼지  낙지 베트남산 쌀  배추김치 배추 고춧가루 
04월 07일,상록원2층식당,양식코너,중식,월,순살왕돈까스 토마토파스타&마늘빵 까르보나라&마늘빵
04월 07일,상록원3층식당,한그릇(한정판매),중식,월,강된장제육비빔밥 꼬치어묵국 치킨텐더  요플레
04월 07일,상록원2층식당,일품코너,중식,월,일식커리덮밥 치킨가라아게 요구르트  브라질산
04월 08일,누리터 식당(일산캠퍼스),누리밥상,석식,화,샤브칼국수 쌀밥 김말이튀김 단무지 김치
04월 08일,누리터 식당(일산캠퍼스),누리밥상,중식,화,돼지고기김치찌개 일식커리&치킨가라아게
04월 08일,누리터 식당(일산캠퍼스),,조식뷔페,화,천원의 아침
04월 08일,상록원1층식당(솥앤누들),메뉴,,화,삼겹살김치철판 치즈불닭철판 데리야끼치킨솥밥 숯불삼겹솥밥 우삼겹솥밥 콘치즈솥밥 꼬치어묵우동 왕새우튀김우동 우동 돈가스 우동 알밥 철판치즈돈가스 낙지삼겹솥밥 삼겹 돼지 오스트리아산 닭 브라질산 소 미국산 스팸 돼지  외국산 돈가스 돼지  낙지 베트남산 쌀  배추김치 배추 고춧가루 
04월 08일,상록원2층식당,일품코너,중식,화,스팸김치볶음밥 요구르트 돼지 외국산 
04월 08일,상록원2층식당,양식코너,중식,화,미소카츠 토마토파스타&마늘빵 까르보나라&마늘빵
04월 08일,상록원3층식당,한그릇(한정판매),중식,화,오므라이스&그릴소세지 왕새우튀김 샐러드  마시는요거트
04월 08일,상록원3층식당,집밥,석식,화,돈갈비김치찌개 미니돈까스 도라지무침 샐러드 
04월 08일,상록원3층식당,집밥,중식,화,장각삼계탕 왕만두 아삭이고추된장무침 샐러드 
04월 09일,상록원3층식당,집밥,석식,수,치즈찜닭 매운콩나물국 잡채 두부조림 샐러드 
04월 09일,누리터 식당(일산캠퍼스),,조식뷔페,수,천원의 아침
04월 09일,상록원3층식당,집밥,중식,수,차돌된장찌개 삼겹살두루치기 꽈리고추멸치볶음 가지나물 샐러드 
04월 09일,상록원1층식당(솥앤누들),메뉴,,수,삼겹살김치철판 치즈불닭철판 데리야끼치킨솥밥 숯불삼겹솥밥 우삼겹솥밥 콘치즈솥밥 꼬치어묵우동 왕새우튀김우동 우동 돈가스 우동 알밥 철판치즈돈가스 낙지삼겹솥밥 삼겹 돼지 오스트리아산 닭 브라질산 소 미국산 스팸 돼지  외국산 돈가스 돼지  낙지 베트남산 쌀  배추김치 배추 고춧가루 
04월 09일,상록원2층식당,양식코너,중식,수,눈꽃치즈돈까스 토마토파스타&마늘빵 까르보나라&마늘빵
04월 09일,누리터 식당(일산캠퍼스),누리밥상,중식,수,찹스테이크스파게티 치즈돈까스
04월 09일,누리터 식당(일산캠퍼스),누리밥상,석식,수,스팸김치솥밥 우동국물 단무지 김치 요구르트
04월 09일,상록원2층식당,일품코너,중식,수,매콤제육덮밥 해쉬브라운 돼지 
04월 09일,상록원3층식당,한그릇(한정판매),중식,수,카레&치킨가라아게 롱츄러스 제주감귤주스 
04월 10일,상록원2층식당,양식코너,중식,목,품절시까지 치즈롤까스 토마토파스타&마늘빵 까르보나라&마늘빵
04월 10일,상록원3층식당,집밥,석식,목,닭칼국수 삼겹살수육 무생채 샐러드 
04월 10일,상록원3층식당,집밥,중식,목,돈목살수육국밥 순대찜 매운어묵볶음 샐러드 깍두기
04월 10일,상록원1층식당(솥앤누들),메뉴,,목,삼겹살김치철판 치즈불닭철판 데리야끼치킨솥밥 숯불삼겹솥밥 우삼겹솥밥 콘치즈솥밥 꼬치어묵우동 왕새우튀김우동 우동 돈가스 우동 알밥 철판치즈돈가스 낙지삼겹솥밥 삼겹 돼지 오스트리아산 닭 브라질산 소 미국산 스팸 돼지  외국산 돈가스 돼지  낙지 베트남산 쌀  배추김치 배추 고춧가루 
04월 10일,상록원3층식당,한그릇(한정판매),중식,목,롤치즈돈까스&생선까스 크림스프 샐러드  탄산음료
04월 10일,상록원2층식당,일품코너,중식,목,품절시까지 차슈동  오스트리아산
04월 10일,누리터 식당(일산캠퍼스),,조식뷔페,목,천원의 아침
04월 10일,누리터 식당(일산캠퍼스),누리밥상,중식,목,소불고기뚝배기 마파두부덮밥
04월 10일,누리터 식당(일산캠퍼스),누리밥상,석식,목,꼬치어묵김치우동 쌀밥 찐만두 단무지 김치
04월 11일,누리터 식당(일산캠퍼스),누리밥상,중식,금,색소보로동 단무지 김치 참치주먹밥&라면
04월 11일,상록원3층식당,한그릇(한정판매),중식,금,불고기열무비빔밥 훈제오리 
04월 11일,상록원1층식당(솥앤누들),메뉴,,금,삼겹살김치철판 치즈불닭철판 데리야끼치킨솥밥 숯불삼겹솥밥 우삼겹솥밥 콘치즈솥밥 꼬치어묵우동 왕새우튀김우동 우동 돈가스 우동 알밥 철판치즈돈가스 낙지삼겹솥밥 삼겹 돼지 오스트리아산 닭 브라질산 소 미국산 스팸 돼지  외국산 돈가스 돼지  낙지 베트남산 쌀  배추김치 배추 고춧가루 
04월 11일,누리터 식당(일산캠퍼스),,조식뷔페,금,천원의 아침
04월 11일,상록원3층식당,집밥,석식,금,비비고만두전골 납작떡갈비 시금치나물 샐러드 
04월 11일,상록원2층식당,일품코너,중식,금,등반대회 층 휴무 층 솥앤누들 층 교직원식당 정상 영업
04월 11일,상록원3층식당,집밥,중식,금,돈코츠라멘 계란말이 돌나물오이무침 상추겉절이 
04월 11일,누리터 식당(일산캠퍼스),누리밥상,석식,금,불고기볶음밥 우동국물 떡볶이 단무지 김치
04월 12일,상록원3층식당,집밥,중식,토,소고기국밥
03월 31일,상록원3층식당,집밥,중식,월,소고기된장찌개 두부김치 진미채볶음 시금치나물 도시락김 샐러드 
03월 31일,누리터 식당(일산캠퍼스),누리밥상,석식,월,돈까스덮밥
03월 31일,누리터 식당(일산캠퍼스),누리밥상,중식,월,참치김치덮밥 생선까스 새우튀김우동
03월 31일,상록원3층식당,집밥,석식,월,롤치즈돈까스&생선까스 계란후라이 단무지 샐러드 
03월 31일,누리터 식당(일산캠퍼스),,조식뷔페,월,천원의 아침
03월 31일,상록원1층식당(솥앤누들),메뉴,,월,삼겹살김치철판 치즈불닭철판 데리야끼치킨솥밥 숯불삼겹솥밥 우삼겹솥밥 콘치즈솥밥 꼬치어묵우동 왕새우튀김우동 우동 돈가스 우동 알밥 철판치즈돈가스 삼겹 돼지 오스트리아산 닭 브라질산 소 미국산 스팸 돼지  외국산 돈가스 돼지  쌀  배추김치 배추 고춧가루 
03월 31일,상록원2층식당,양식코너,중식,월,눈꽃치즈돈까스 토마토파스타 까르보나라
03월 31일,상록원3층식당,한그릇(한정판매),중식,월,치킨데리야끼덮밥 꼬치어묵국 떡볶이 김말이튀김 쿨피스 
03월 31일,상록원2층식당,일품코너,중식,월,햄김치볶음밥 생선까스 요구르트 돼지 
04월 01일,누리터 식당(일산캠퍼스),누리밥상,석식,화,카레덮밥 케이준샐러드
04월 01일,누리터 식당(일산캠퍼스),누리밥상,중식,화,미나리쭈꾸미삼겹비빔밥 얼큰수육국밥
04월 01일,누리터 식당(일산캠퍼스),,조식뷔페,화,천원의 아침
04월 01일,상록원1층식당(솥앤누들),메뉴,,화,삼겹살김치철판 치즈불닭철판 데리야끼치킨솥밥 숯불삼겹솥밥 우삼겹솥밥 콘치즈솥밥 꼬치어묵우동 왕새우튀김우동 우동 돈가스 우동 알밥 철판치즈돈가스 낙지삼겹솥밥 삼겹 돼지 오스트리아산 닭 브라질산 소 미국산 스팸 돼지  외국산 돈가스 돼지  낙지 베트남산 쌀  배추김치 배추 고춧가루 
04월 01일,상록원2층식당,일품코너,중식,화,눈꽃치즈닭갈비덮밥 요구르트 닭 
04월 01일,상록원2층식당,양식코너,중식,화,매콤순살왕돈까스 토마토파스타 까르보나라
04월 01일,상록원3층식당,한그릇(한정판매),중식,화,봄나물비빔밥 수제떡갈비&부추무침 미니츄러스 
04월 01일,상록원3층식당,집밥,중식,화,돈코츠라멘 치킨가라아게 오이부추무침 샐러드 
04월 01일,상록원3층식당,집밥,석식,화,뚝배기치즈닭갈비 탕수육 들깨무나물 샐러드 
04월 02일,상록원3층식당,한그릇(한정판매),중식,수,우삼겹숙주덮밥 비빔막국수 
04월 02일,상록원2층식당,일품코너,중식,수,오므라이스 소세지구이 돼지 
04월 02일,누리터 식당(일산캠퍼스),누리밥상,석식,수,추억의 도시락 핫도그
04월 02일,상록원2층식당,양식코너,중식,수,치즈돈까스 토마토파스타 까르보나라
04월 02일,누리터 식당(일산캠퍼스),,조식뷔페,수,천원의 아침
04월 02일,상록원3층식당,집밥,중식,수,김치가츠나베 계란말이 콩나물무침 샐러드 
04월 02일,누리터 식당(일산캠퍼스),누리밥상,중식,수,숯불제육덮밥 통등심돈까스
04월 02일,상록원3층식당,집밥,석식,수,된장찌개 삼겹살오븐구이 부추무침 매운어묵볶음 도시락김 
04월 02일,상록원1층식당(솥앤누들),메뉴,,수,삼겹살김치철판 치즈불닭철판 데리야끼치킨솥밥 숯불삼겹솥밥 우삼겹솥밥 콘치즈솥밥 꼬치어묵우동 왕새우튀김우동 우동 돈가스 우동 알밥 철판치즈돈가스 낙지삼겹솥밥 삼겹 돼지 오스트리아산 닭 브라질산 소 미국산 스팸 돼지  외국산 돈가스 돼지  낙지 베트남산 쌀  배추김치 배추 고춧가루 
04월 03일,상록원3층식당,집밥,석식,목,강된장제육비빔밥 매운콩나물국 새우까스 청포묵무침 샐러드 
04월 03일,누리터 식당(일산캠퍼스),누리밥상,중식,목,왕새우오므라이스 순대국밥
04월 03일,누리터 식당(일산캠퍼스),,조식뷔페,목,천원의 아침
04월 03일,상록원3층식당,집밥,중식,목,육개장칼국수 의성마늘햄구이 깻잎무침 샐러드 깍두기
04월 03일,상록원1층식당(솥앤누들),메뉴,,목,삼겹살김치철판 치즈불닭철판 데리야끼치킨솥밥 숯불삼겹솥밥 우삼겹솥밥 콘치즈솥밥 꼬치어묵우동 왕새우튀김우동 우동 돈가스 우동 알밥 철판치즈돈가스 낙지삼겹솥밥 삼겹 돼지 오스트리아산 닭 브라질산 소 미국산 스팸 돼지  외국산 돈가스 돼지  낙지 베트남산 쌀  배추김치 배추 고춧가루 
04월 03일,상록원2층식당,양식코너,중식,목,더블까스 토마토파스타 까르보나라
04월 03일,누리터 식당(일산캠퍼스),누리밥상,석식,목,순두부찌개 미니돈까스 새송이파프리카볶음 김치
04월 03일,상록원2층식당,일품코너,중식,목,제육소보로동 김말이튀김 요구르트 돼지 
04월 03일,상록원3층식당,한그릇(한정판매),중식,목,날치알김치볶음밥 닭다리오븐구이 감자고로케 
04월 04일,누리터 식당(일산캠퍼스),누리밥상,중식,금,미트볼스파게티 치즈돈까스
04월 04일,상록원3층식당,한그릇(한정판매),중식,금,치즈돈까스 크림스프 샐러드 탄산음료 
04월 04일,상록원1층식당(솥앤누들),메뉴,,금,삼겹살김치철판 치즈불닭철판 데리야끼치킨솥밥 숯불삼겹솥밥 우삼겹솥밥 콘치즈솥밥 꼬치어묵우동 왕새우튀김우동 우동 돈가스 우동 알밥 철판치즈돈가스 낙지삼겹솥밥 삼겹 돼지 오스트리아산 닭 브라질산 소 미국산 스팸 돼지  외국산 돈가스 돼지  낙지 베트남산 쌀  배추김치 배추 고춧가루 
04월 04일,누리터 식당(일산캠퍼스),,조식뷔페,금,천원의 아침
04월 04일,상록원2층식당,양식코너,중식,금,순살왕돈까스 토마토파스타 까르보나라
04월 04일,상록원3층식당,집밥,석식,금,매콤주꾸미돌솥밥 미니돈까스 계란후라이 샐러드 
04월 04일,상록원2층식당,일품코너,중식,금,갈비채소비빔밥 요구르트  브라질산
04월 04일,상록원3층식당,집밥,중식,금,삼겹살수육쌈밥 미역줄기볶음 도토리묵무침 간장고추지 
04월 04일,누리터 식당(일산캠퍼스),누리밥상,석식,금,오삼불고기덮밥 우동국물 단무지 김치
04월 05일,상록원3층식당,집밥,중식,토,돈목살김치찌개
03월 24일,상록원3층식당,집밥,중식,월,치즈부대찌개 납작떡갈비구이 가지나물 샐러드 
03월 24일,누리터 식당(일산캠퍼스),,조식뷔페,월,천원의 아침
03월 24일,상록원1층식당(솥앤누들),메뉴,,월,삼겹살김치철판 치즈불닭철판 데리야끼치킨솥밥 숯불삼겹솥밥 우삼겹솥밥 콘치즈솥밥 꼬치어묵우동 왕새우튀김우동 우동 돈가스 우동 알밥 철판치즈돈가스 삼겹 돼지 오스트리아산 닭 브라질산 소 미국산 호주산 스팸 돼지  외국산 돈가스 돼지  쌀  배추김치 배추 고춧가루 
03월 24일,상록원2층식당,뚝배기코너,중식,월,수육국밥 순대국밥 얼큰국밥
03월 24일,상록원2층식당,양식코너,중식,월,눈꽃치즈돈까스 토마토파스타 까르보나라
03월 24일,상록원2층식당,일품코너,중식,월,게살볶음밥 깐풍육 요구르트 돼지 닭 
03월 24일,상록원3층식당,한그릇(한정판매),중식,월,불고기열무비빔밥 왕새우튀김 
03월 24일,누리터 식당(일산캠퍼스),누리밥상,석식,월,숯불소불고기덮밥
03월 24일,누리터 식당(일산캠퍼스),누리밥상,중식,월,돼지고기김치찌개 베이컨마늘볶음밥 핫도그
03월 24일,상록원3층식당,집밥,석식,월,된장찌개 삼겹살오븐구이&부추무침 두부조림 깻잎무침 샐러드 
03월 25일,누리터 식당(일산캠퍼스),누리밥상,중식,화,닭고기데리야끼솥밥 순대국밥
03월 25일,상록원3층식당,집밥,석식,화,장조림버터솥밥 떡볶이 순대찜 샐러드 
03월 25일,상록원3층식당,한그릇(한정판매),중식,화,차슈볶음밥 꼬치어묵국 비비고만두 
03월 25일,상록원1층식당(솥앤누들),메뉴,,화,삼겹살김치철판 치즈불닭철판 데리야끼치킨솥밥 숯불삼겹솥밥 우삼겹솥밥 콘치즈솥밥 꼬치어묵우동 왕새우튀김우동 우동 돈가스 우동 알밥 철판치즈돈가스 삼겹 돼지 오스트리아산 닭 브라질산 소 호주산 스팸 돼지  외국산 돈가스 돼지  쌀  배추김치 배추 고춧가루 
03월 25일,누리터 식당(일산캠퍼스),,조식뷔페,화,천원의 아침
03월 25일,누리터 식당(일산캠퍼스),누리밥상,석식,화,날치알김치볶음밥 미역두부장국 탕수육 단무지 깍두기
03월 25일,상록원2층식당,일품코너,중식,화,매콤제육덮밥 치즈스틱 돼지 
03월 25일,상록원2층식당,뚝배기코너,중식,화,수육국밥 순대국밥 얼큰국밥
03월 25일,상록원3층식당,집밥,중식,화,불고기전골 새우까스 베이컨감자채볶음 샐러드 
03월 25일,상록원2층식당,양식코너,중식,화,미소카츠 토마토파스타 까르보나라
03월 26일,상록원2층식당,뚝배기코너,중식,수,수육국밥 순대국밥 얼큰국밥
03월 26일,상록원1층식당(솥앤누들),메뉴,,수,삼겹살김치철판 치즈불닭철판 데리야끼치킨솥밥 숯불삼겹솥밥 우삼겹솥밥 콘치즈솥밥 꼬치어묵우동 왕새우튀김우동 우동 돈가스 우동 알밥 철판치즈돈가스 삼겹 돼지 오스트리아산 닭 브라질산 소 호주산 스팸 돼지  외국산 돈가스 돼지  쌀  배추김치 배추 고춧가루 
03월 26일,상록원3층식당,집밥,석식,수,우삼겹솥밥 타코야끼 단무지무침 샐러드 
03월 26일,상록원3층식당,집밥,중식,수,돈수육김치찜 꼬마돈까스 멸치호두볶음 무생채 샐러드
03월 26일,누리터 식당(일산캠퍼스),누리밥상,석식,수,닭칼국수 쌀밥 단무지 배추겉절이
03월 26일,누리터 식당(일산캠퍼스),누리밥상,중식,수,대패삼겹비빔밥 우동&돈까스
03월 26일,상록원2층식당,일품코너,중식,수,불닭마요덮밥 요구르트 닭 
03월 26일,누리터 식당(일산캠퍼스),,조식뷔페,수,천원의 아침
03월 26일,상록원3층식당,한그릇(한정판매),중식,수,오므라이스&치즈롤까스 양상추샐러드 탄산음 
03월 26일,상록원2층식당,양식코너,중식,수,고구마치즈돈까스 토마토파스타 까르보나라
03월 27일,상록원1층식당(솥앤누들),메뉴,,목,삼겹살김치철판 치즈불닭철판 데리야끼치킨솥밥 숯불삼겹솥밥 우삼겹솥밥 콘치즈솥밥 꼬치어묵우동 왕새우튀김우동 우동 돈가스 우동 알밥 철판치즈돈가스 삼겹 돼지 오스트리아산 닭 브라질산 소 미국산 스팸 돼지  외국산 돈가스 돼지  쌀  배추김치 배추 고춧가루 
03월 27일,상록원3층식당,집밥,석식,목,김치가츠나베 계란말이 무나물 샐러드 
03월 27일,상록원2층식당,양식코너,중식,목,더블까스 토마토파스타 까르보나라
03월 27일,상록원3층식당,집밥,중식,목,삼겹살쌈밥 김말이강정 쑥갓나물 샐러드 
03월 27일,누리터 식당(일산캠퍼스),누리밥상,석식,목,부대찌개 쌀밥 콩나물무침 감자고로케 깍두기
03월 27일,누리터 식당(일산캠퍼스),,조식뷔페,목,천원의 아침
03월 27일,상록원2층식당,일품코너,중식,목,숯불제육덮밥 마시는요거트 돼지 
03월 27일,상록원3층식당,한그릇(한정판매),중식,목,게살볶음밥&짜장 수제파닭꼬치 
03월 27일,상록원2층식당,뚝배기코너,중식,목,수육국밥 순대국밥 얼큰국밥
03월 27일,누리터 식당(일산캠퍼스),누리밥상,중식,목,게살야채볶음밥 짜장소스 야채비빔만두 감자탕 해물파전
03월 28일,누리터 식당(일산캠퍼스),누리밥상,중식,금,제육볶음&양배추쌈 얼갈이된장국 설렁탕 찐만두
03월 28일,상록원2층식당,양식코너,중식,금,치즈롤까스 토마토파스타 까르보나라
03월 28일,상록원1층식당(솥앤누들),메뉴,,금,삼겹살김치철판 치즈불닭철판 데리야끼치킨솥밥 숯불삼겹솥밥 우삼겹솥밥 콘치즈솥밥 꼬치어묵우동 왕새우튀김우동 우동 돈가스 우동 알밥 철판치즈돈가스 삼겹 돼지 오스트리아산 닭 브라질산 소 미국산 스팸 돼지  외국산 돈가스 돼지  쌀  배추김치 배추 고춧가루 
03월 28일,상록원2층식당,뚝배기코너,중식,금,수육국밥 순대국밥 얼큰국밥
03월 28일,상록원2층식당,일품코너,중식,금,김치소고기볶음덮밥 요구르트 소 
03월 28일,상록원3층식당,한그릇(한정판매),중식,금,산나물비빔밥 수제탕수육 리이브 
03월 28일,상록원3층식당,집밥,석식,금,한방닭곰탕 두부김치 메밀전병 아삭이고추된장무침 샐러드 깍두기
03월 28일,상록원3층식당,집밥,중식,금,라면사리만두전골 스팸구이&계란후라이 치커리사과무침 샐러드 
03월 28일,누리터 식당(일산캠퍼스),,조식뷔페,금,천원의 아침
03월 28일,누리터 식당(일산캠퍼스),누리밥상,석식,금,차돌불고기숙주덮밥 유부장국 단무지 김치
03월 29일,상록원3층식당,집밥,중식,토,설렁탕
03월 17일,상록원3층식당,집밥,중식,월,얼큰비비고만두전골 의성마늘햄구이 쑥갓나물 샐러드 
03월 17일,상록원2층식당,뚝배기코너,중식,월,수육국밥 순대국밥 얼큰국밥
03월 17일,누리터 식당(일산캠퍼스),,조식뷔페,월,천원의 아침
03월 17일,상록원2층식당,양식코너,중식,월,더블까스 토마토파스타 까르보나라
03월 17일,상록원1층식당(솥앤누들),메뉴,,월,삼겹살김치철판 치즈불닭철판 데리야끼치킨솥밥 숯불삼겹솥밥 우삼겹솥밥 콘치즈솥밥 꼬치어묵우동 왕새우튀김우동 우동 돈가스 우동 알밥 철판치즈돈가스 삼겹 돼지 오스트리아산 닭 브라질산 소 미국산 스팸 돼지  외국산 돈가스 돼지  쌀 
03월 17일,누리터 식당(일산캠퍼스),누리밥상,중식,월,치킨가라아게카레덮밥 수육국밥
03월 17일,상록원3층식당,한그릇(한정판매),중식,월,삼겹살두루치기덮밥 치킨텐더 요거트 
03월 17일,상록원2층식당,일품코너,중식,월,일식커리덮밥 핫도그 요구르트 돼지 
03월 17일,상록원3층식당,집밥,석식,월,차돌육개장 생선까스 아삭이고추된장무침 샐러드 깍두기
03월 17일,누리터 식당(일산캠퍼스),누리밥상,석식,월,소고기쌀국수 납작만두
03월 18일,누리터 식당(일산캠퍼스),,조식뷔페,화,천원의 아침
03월 18일,상록원2층식당,뚝배기코너,중식,화,수육국밥 순대국밥 얼큰국밥
03월 18일,상록원3층식당,집밥,중식,화,돈목살김치찌개 계란말이 진미채볶음 청경채겉절이 도시락김 샐러드
03월 18일,상록원2층식당,양식코너,중식,화,고구마치즈돈까스 토마토파스타 까르보나라
03월 18일,누리터 식당(일산캠퍼스),누리밥상,석식,화,소시지오므라이스
03월 18일,상록원3층식당,집밥,석식,화,오므라이스&그릴소세지 새우튀김 상추치커리무침 샐러드 
03월 18일,상록원2층식당,일품코너,중식,화,치킨마요덮밥 요구르트 닭  브라질산
03월 18일,상록원1층식당(솥앤누들),메뉴,,화,삼겹살김치철판 치즈불닭철판 데리야끼치킨솥밥 숯불삼겹솥밥 우삼겹솥밥 콘치즈솥밥 꼬치어묵우동 왕새우튀김우동 우동 돈가스 우동 알밥 철판치즈돈가스 삼겹 돼지 오스트리아산 닭 브라질산 소 미국산 스팸 돼지  외국산 돈가스 돼지  쌀 
03월 18일,상록원3층식당,한그릇(한정판매),중식,화,차돌불고기숙주덮밥 떡볶이 김말이튀김 
03월 18일,누리터 식당(일산캠퍼스),누리밥상,중식,화,불고기열무부추비빔밥 통등심돈까스
03월 19일,상록원2층식당,일품코너,중식,수,체다치즈제육덮밥 미니츄러스 돼지 
03월 19일,누리터 식당(일산캠퍼스),,조식뷔페,수,천원의 아침
03월 19일,상록원3층식당,한그릇(한정판매),중식,수,치즈왕돈까스 크림스프 샐러드 탄산음료
03월 19일,상록원2층식당,양식코너,중식,수,매콤순살왕돈까스 토마토파스타 까르보나라
03월 19일,누리터 식당(일산캠퍼스),누리밥상,석식,수,불고기볶음밥 우동국물 단무지 김치
03월 19일,상록원3층식당,집밥,중식,수,설렁탕 왕만두 오이부추무침 깍두기 샐러드
03월 19일,누리터 식당(일산캠퍼스),누리밥상,중식,수,스팸제육김치팬라이스 순대국밥
03월 19일,상록원2층식당,뚝배기코너,중식,수,수육국밥 순대국밥 얼큰국밥
03월 19일,상록원1층식당(솥앤누들),메뉴,,수,삼겹살김치철판 치즈불닭철판 데리야끼치킨솥밥 숯불삼겹솥밥 우삼겹솥밥 콘치즈솥밥 꼬치어묵우동 왕새우튀김우동 우동 돈가스 우동 알밥 철판치즈돈가스 삼겹 돼지 오스트리아산 닭 브라질산 소 미국산 스팸 돼지  외국산 돈가스 돼지  쌀 
03월 19일,상록원3층식당,집밥,석식,수,뚝배기치즈닭갈비 해물동그랑땡 막국수 샐러드 
03월 20일,누리터 식당(일산캠퍼스),누리밥상,중식,목,오삼불고기덮밥 참치김치찌개
03월 20일,상록원1층식당(솥앤누들),메뉴,,목,삼겹살김치철판 치즈불닭철판 데리야끼치킨솥밥 숯불삼겹솥밥 우삼겹솥밥 콘치즈솥밥 꼬치어묵우동 왕새우튀김우동 우동 돈가스 우동 알밥 철판치즈돈가스 삼겹 돼지 오스트리아산 닭 브라질산 소 미국산 스팸 돼지  외국산 돈가스 돼지  쌀 
03월 20일,누리터 식당(일산캠퍼스),,조식뷔페,목,천원의 아침
03월 20일,상록원2층식당,양식코너,중식,목,치즈돈가스 토마토파스타 까르보나라
03월 20일,상록원2층식당,뚝배기코너,중식,목,수육국밥 순대국밥 얼큰국밥
03월 20일,상록원2층식당,일품코너,중식,목,삼겹김치볶음덮밥 요구르트 돼지 오스트리아산  배추  고춧가루 
03월 20일,상록원3층식당,한그릇(한정판매),중식,목,날치알김치볶음밥 점보닭다리오븐구이 감자고로케 
03월 20일,상록원3층식당,집밥,석식,목,장조림버터솥밥 치킨너겟 무생채 샐러드 
03월 20일,상록원3층식당,집밥,중식,목,소고기된장찌개 제육볶음 세발나물 파래볶음 샐러드 
03월 20일,누리터 식당(일산캠퍼스),누리밥상,석식,목,장조림버터솥밥 콩나물국 단무지 김치
03월 21일,상록원1층식당(솥앤누들),메뉴,,금,삼겹살김치철판 치즈불닭철판 데리야끼치킨솥밥 숯불삼겹솥밥 우삼겹솥밥 콘치즈솥밥 꼬치어묵우동 왕새우튀김우동 우동 돈가스 우동 알밥 철판치즈돈가스 삼겹 돼지 오스트리아산 닭 브라질산 소 미국산 스팸 돼지  외국산 돈가스 돼지  쌀 
03월 21일,상록원2층식당,양식코너,중식,금,순살왕돈까스 토마토파스타 까르보나라
03월 21일,상록원2층식당,일품코너,중식,금,오므라이스 소세지구이 돼지 
03월 21일,상록원3층식당,한그릇(한정판매),중식,금,더덕산채비빔밥 수제떡갈비 부추무침 미니쌀약과 
03월 21일,누리터 식당(일산캠퍼스),,조식뷔페,금,천원의 아침
03월 21일,상록원3층식당,집밥,석식,금,수육국수 스팸구이 콩나물무침 샐러드 
03월 21일,누리터 식당(일산캠퍼스),누리밥상,중식,금,닭갈비솥밥 얼큰수육국밥
03월 21일,상록원3층식당,집밥,중식,금,미나리곰탕 매운어묵볶음 도토리묵무침 샐러드 깍두기
03월 21일,상록원2층식당,뚝배기코너,중식,금,수육국밥 순대국밥 얼큰국밥
03월 22일,상록원3층식당,집밥,중식,토,간장파불고기
03월 10일,상록원3층식당,집밥,중식,월,부대찌개 치킨너겟 참나물무침 샐러드 
03월 10일,누리터 식당(일산캠퍼스),,조식뷔페,월,천원의 아침
03월 10일,상록원1층식당(솥앤누들),메뉴,,월,삼겹살김치철판 치즈불닭철판 데리야끼치킨솥밥 숯불삼겹솥밥 우삼겹솥밥 콘치즈솥밥 꼬치어묵우동 왕새우튀김우동 우동 돈가스 우동 알밥 철판치즈돈가스 삼겹 돼지 오스트리아산 닭 브라질산 소 미국산 스팸 돼지  외국산 돈가스 돼지  쌀 
03월 10일,상록원2층식당,뚝배기코너,중식,월,수육국밥 순대국밥 얼큰국밥
03월 10일,상록원2층식당,양식코너,중식,월,치즈왕돈가스 그린샐러드 토마토파스타 까르보나라
03월 10일,상록원2층식당,일품코너,중식,월,햄김치볶음밥 더블새우튀김
03월 10일,상록원3층식당,한그릇(한정판매),중식,월,새우볶음밥&짜장 모듬탕수 마시는사과요거트 
03월 10일,누리터 식당(일산캠퍼스),누리밥상,석식,월,깍두기볶음밥 닭강정
03월 10일,누리터 식당(일산캠퍼스),누리밥상,중식,월,제육덮밥 알밥&미니돈까스
03월 10일,상록원3층식당,집밥,석식,월,치즈찜닭 콩나물국 물만두 막국수 샐러드 
03월 11일,누리터 식당(일산캠퍼스),누리밥상,중식,화,순두부찌개 미트볼조림 통등심돈까스
03월 11일,상록원3층식당,집밥,석식,화,매운돈갈비찜 북어미역국 두부계란전 콩나물무침 샐러드 
03월 11일,상록원3층식당,한그릇(한정판매),중식,화,산나물비빔밥 수제떡갈비&부추무침 요플레 
03월 11일,상록원1층식당(솥앤누들),메뉴,,화,삼겹살김치철판 치즈불닭철판 데리야끼치킨솥밥 숯불삼겹솥밥 우삼겹솥밥 콘치즈솥밥 꼬치어묵우동 왕새우튀김우동 우동 돈가스 우동 알밥 철판치즈돈가스 삼겹 돼지 오스트리아산 닭 브라질산 소 미국산 스팸 돼지  외국산 돈가스 돼지  쌀 
03월 11일,누리터 식당(일산캠퍼스),,조식뷔페,화,천원의 아침
03월 11일,누리터 식당(일산캠퍼스),누리밥상,석식,화,꼬치어묵우동&참치주먹밥
03월 11일,상록원2층식당,일품코너,중식,화,눈꽃치즈닭갈비덮밥 요구르트
03월 11일,상록원2층식당,뚝배기코너,중식,화,수육국밥 순대국밥 얼큰국밥
03월 11일,상록원3층식당,집밥,중식,화,된장찌개 닭갈비 생선까스 시금치나물 샐러드 
03월 11일,상록원2층식당,양식코너,중식,화,순살왕돈가스 그린샐러드 토마토파스타 까르보나라
03월 12일,상록원2층식당,뚝배기코너,중식,수,수육국밥 순대국밥 얼큰국밥
03월 12일,상록원1층식당(솥앤누들),메뉴,,수,삼겹살김치철판 치즈불닭철판 데리야끼치킨솥밥 숯불삼겹솥밥 우삼겹솥밥 콘치즈솥밥 꼬치어묵우동 왕새우튀김우동 우동 돈가스 우동 알밥 철판치즈돈가스 삼겹 돼지 오스트리아산 닭 브라질산 소 미국산 스팸 돼지  외국산 돈가스 돼지  쌀 
03월 12일,상록원3층식당,집밥,석식,수,라면사리만두전골 스팸구이 샐러드 
03월 12일,상록원3층식당,집밥,중식,수,뚝배기소불고기 미역줄기볶음 무나물 샐러드 
03월 12일,누리터 식당(일산캠퍼스),누리밥상,석식,수,소불고기뚝배기 마늘쫑장아찌무침 동그랑땡부침 
03월 12일,누리터 식당(일산캠퍼스),누리밥상,중식,수,돈목살김치찜 깍두기 치킨까스
03월 12일,상록원2층식당,일품코너,중식,수,차슈동 요구르트
03월 12일,누리터 식당(일산캠퍼스),,조식뷔페,수,천원의 아침
03월 12일,상록원3층식당,한그릇(한정판매),중식,수,통등심왕돈가스 크림스프 감자튀김 탄산음료 샐러드 
03월 12일,상록원2층식당,양식코너,중식,수,치킨까스 감자튀김 그린샐러드 토마토파스타 까르보나라
03월 13일,상록원1층식당(솥앤누들),메뉴,,목,삼겹살김치철판 치즈불닭철판 데리야끼치킨솥밥 숯불삼겹솥밥 우삼겹솥밥 콘치즈솥밥 꼬치어묵우동 왕새우튀김우동 우동 돈가스 우동 알밥 철판치즈돈가스 삼겹 돼지 오스트리아산 닭 브라질산 소 미국산 스팸 돼지  외국산 돈가스 돼지  쌀 
03월 13일,상록원3층식당,집밥,석식,목,돌솥비빔밥 훈제오리 꼬치어묵국 도토리묵무침 샐러드 
03월 13일,상록원2층식당,양식코너,중식,목,눈꽃치즈순살돈가스 그린샐러드 토마토파스타 까르보나라
03월 13일,상록원3층식당,집밥,중식,목,장각삼계탕 왕만두 상추치커리무침 샐러드 
03월 13일,누리터 식당(일산캠퍼스),누리밥상,석식,목,스팸김치솥밥
03월 13일,누리터 식당(일산캠퍼스),,조식뷔페,목,천원의 아침
03월 13일,상록원2층식당,일품코너,중식,목,계란햄볶음밥 자장소스 군만두
03월 13일,상록원3층식당,한그릇(한정판매),중식,목,오므라이스&수제함박 새우볼꼬치 샐러드 
03월 13일,상록원2층식당,뚝배기코너,중식,목,수육국밥 순대국밥 얼큰국밥
03월 13일,누리터 식당(일산캠퍼스),누리밥상,중식,목,쭈꾸미덮밥 순대국밥
03월 14일,누리터 식당(일산캠퍼스),누리밥상,중식,금,마라마파두부덮밥 탕수육 치즈돈까스
03월 14일,상록원2층식당,양식코너,중식,금,순살왕돈가스 그린샐러드 토마토파스타 까르보나라
03월 14일,상록원1층식당(솥앤누들),메뉴,,금,삼겹살김치철판 치즈불닭철판 데리야끼치킨솥밥 숯불삼겹솥밥 우삼겹솥밥 콘치즈솥밥 꼬치어묵우동 왕새우튀김우동 우동 돈가스 우동 알밥 철판치즈돈가스 삼겹 돼지 오스트리아산 닭 브라질산 소 미국산 스팸 돼지  외국산 돈가스 돼지  쌀 
03월 14일,상록원2층식당,뚝배기코너,중식,금,수육국밥 순대국밥 얼큰국밥
03월 14일,상록원2층식당,일품코너,중식,금,제육비빔밥 치킨너겟 요구르트
03월 14일,상록원3층식당,한그릇(한정판매),중식,금,카레&치킨가라아게 쫄면무침 모닝빵 
03월 14일,상록원3층식당,집밥,석식,금,샤브칼국수 돈수육 청경채겉절이 샐러드 
03월 14일,상록원3층식당,집밥,중식,금,차돌순두부찌개 잡채 납작떡갈비구이 샐러드 
03월 14일,누리터 식당(일산캠퍼스),,조식뷔페,금,천원의 아침
03월 14일,누리터 식당(일산캠퍼스),누리밥상,석식,금,고기국수
03월 15일,상록원3층식당,집밥,중식,토,소고기국밥
03월 04일,상록원3층식당,집밥,중식,화,돈갈비김치찌개 꼬마돈가스 콩나물무침 도시락김 샐러드 
03월 04일,상록원2층식당,양식코너,중식,화,통등심돈가스 그린샐러드 토마토파스타 까르보나라
03월 04일,상록원2층식당,일품코너,중식,화,매콤제육덮밥 해쉬브라운 요구르트
03월 04일,누리터 식당(일산캠퍼스),누리밥상,중식,화,목살두루치기덮밥 깍두기 통등심돈까스
03월 04일,상록원1층식당(솥앤누들),메뉴,,화,삼겹살김치철판 치즈불닭철판 데리야끼치킨솥밥 숯불삼겹솥밥 우삼겹솥밥 콘치즈솥밥 꼬치어묵우동 왕새우튀김우동 우동 돈가스 우동 알밥 철판치즈돈가스 삼겹 돼지 오스트리아산 닭 브라질산 소 미국산 스팸 돼지  외국산 돈가스 돼지  쌀 
03월 04일,상록원3층식당,한그릇(한정판매),중식,화,왕새우튀김덮밥 꼬치어묵국 떡볶이 쿨피스 
03월 04일,상록원2층식당,뚝배기코너,중식,화,수육국밥 순대국밥 얼큰국밥
03월 04일,상록원3층식당,집밥,석식,화,돈코츠라멘 후리가케주먹밥 고구마고로케 단무지무침 샐러드 
03월 04일,누리터 식당(일산캠퍼스),누리밥상,석식,화,김치찌개 계란후라이 스팸구이 우엉채멸치조림 깍두기 백미밥
03월 04일,누리터 식당(일산캠퍼스),,조식뷔페,화,천원의 아침
03월 05일,상록원1층식당(솥앤누들),메뉴,,수,삼겹살김치철판 치즈불닭철판 데리야끼치킨솥밥 숯불삼겹솥밥 우삼겹솥밥 콘치즈솥밥 꼬치어묵우동 왕새우튀김우동 우동 돈가스 우동 알밥 철판치즈돈가스 삼겹 돼지 오스트리아산 닭 브라질산 소 미국산 스팸 돼지  외국산 돈가스 돼지  쌀 
03월 05일,상록원2층식당,뚝배기코너,중식,수,수육국밥 순대국밥 얼큰국밥
03월 05일,누리터 식당(일산캠퍼스),누리밥상,석식,수,감자탕 두부매콤조림 아삭이고추된장무침 깍두기 백미밥
03월 05일,상록원2층식당,일품코너,중식,수,오므라이스 소세지구이
03월 05일,누리터 식당(일산캠퍼스),,조식뷔페,수,천원의 아침
03월 05일,누리터 식당(일산캠퍼스),누리밥상,중식,수,오므라이스&새우튀김 치킨까스
03월 05일,상록원3층식당,집밥,중식,수,육개장칼국수 스팸구이 꽈리고추멸치볶음 샐러드 
03월 05일,상록원2층식당,양식코너,중식,수,치즈돈가스 그린샐러드 토마토파스타 까르보나라
03월 05일,상록원3층식당,집밥,석식,수,장각삼계탕 왕만두 도라지무침 샐러드 
03월 05일,상록원3층식당,한그릇(한정판매),중식,수,오므라이스&그릴소시지 치킨가스 
03월 06일,상록원1층식당(솥앤누들),메뉴,,목,삼겹살김치철판 치즈불닭철판 데리야끼치킨솥밥 숯불삼겹솥밥 우삼겹솥밥 콘치즈솥밥 꼬치어묵우동 왕새우튀김우동 우동 돈가스 우동 알밥 철판치즈돈가스 삼겹 돼지 오스트리아산 닭 브라질산 소 미국산 스팸 돼지  외국산 돈가스 돼지  쌀 
03월 06일,상록원2층식당,뚝배기코너,중식,목,수육국밥 순대국밥 얼큰국밥
03월 06일,상록원2층식당,일품코너,중식,목,삼겹김치볶음덮밥
03월 06일,상록원2층식당,양식코너,중식,목,양념치킨까스 감자튀김 그린샐러드 토마토파스타 까르보나라
03월 06일,누리터 식당(일산캠퍼스),누리밥상,중식,목,치즈불닭팬라이스 미니우동&돈까스
03월 06일,상록원3층식당,한그릇(한정판매),중식,목,날치알김치볶음밥 치즈돈가스 모닝빵 콘샐러드 
03월 06일,상록원3층식당,집밥,석식,목,돼지국밥 계란말이 멸치호두조림 샐러드 깍두기
03월 06일,상록원3층식당,집밥,중식,목,불고기전골 탕수육 쑥갓나물 샐러드 
03월 06일,누리터 식당(일산캠퍼스),누리밥상,석식,목,추억의 도시락 꼬치어묵국 단무지 김치 요구르트
03월 06일,누리터 식당(일산캠퍼스),,조식뷔페,목,천원의 아침
03월 07일,누리터 식당(일산캠퍼스),누리밥상,중식,금,잡채덮밥&짜장소스 통등심돈까스
03월 07일,누리터 식당(일산캠퍼스),,조식뷔페,금,천원의 아침
03월 07일,상록원2층식당,양식코너,중식,금,통등심돈가스 그린샐러드 토마토파스타 까르보나라
03월 07일,상록원2층식당,뚝배기코너,중식,금,수육국밥 순대국밥 얼큰국밥
03월 07일,상록원2층식당,일품코너,중식,금,치킨마요덮밥 요구르트
03월 07일,상록원3층식당,한그릇(한정판매),중식,금,치킨데리야끼덮밥 크리스피핫도그 
03월 07일,상록원3층식당,집밥,석식,금,미나리곰탕 납작떡갈비구이 샐러드 깍두기
03월 07일,상록원3층식당,집밥,중식,금,뚝배기쭈삼불고기 건파래볶음 상추치커리무침 샐러드 
03월 07일,상록원1층식당(솥앤누들),메뉴,,금,삼겹살김치철판 치즈불닭철판 데리야끼치킨솥밥 숯불삼겹솥밥 우삼겹솥밥 콘치즈솥밥 꼬치어묵우동 왕새우튀김우동 우동 돈가스 우동 알밥 철판치즈돈가스 삼겹 돼지 오스트리아산 닭 브라질산 소 미국산 스팸 돼지  외국산 돈가스 돼지  쌀 
03월 07일,누리터 식당(일산캠퍼스),누리밥상,석식,금,치킨가라아게마요덮밥
03월 08일,상록원3층식당,집밥,중식,토,삼겹살두루치기덮밥
